{"cameraMode":{"drawMode":0,"name":"Shaded","section":"Shading Mode"},"sceneLighting":true,"audioPlay":false,"sceneViewState":{"showFog":true,"showMaterialUpdate":false,"showSkybox":true,"showFlares":true,"showImageEffects":true,"showParticleSystems":true},"in2DMode":false,"pivot":{"x":-3.733137607574463,"y":8.308311462402344,"z":9.481149673461914},"rotation":{"x":0.08398610353469849,"y":0.9140316247940064,"z":-0.3103336989879608,"w":0.24736730754375459},"size":3.007394790649414,"orthographic":false}